4970.73209449,3323.23163668,-22.02798991,1
4974.67126938,3321.96198332,-11.08556003,1
4981.41148016,3322.16871536,12.03130777,1
4940.18560025,3315.248776,13.60095212,1
4940.97957086,3315.10325721,1.59324093,1
4945.93921633,3324.38041323,-6.45820755,1
4982.24919918,3334.89914584,3.26403161,1
4977.23248834,3332.30361493,13.326269,1
4948.42301878,3324.90477928,18.88976473,1
4954.32209081,3334.38405056,23.84633537,1
4943.32602751,3323.56530752,11.95198649,1
4935.26626058,3324.63287536,1.57298023,1
4951.64717946,3331.8927828,-23.38233319,1
4963.82970133,3337.19649532,-17.95641786,1
4974.11896515,3343.35460393,-6.21517765,1
4979.18104985,3339.12159338,14.97045742,1
4932.15541956,3327.67913475,-6.31123216,1
4946.35502403,3336.74496642,-17.88028375,1
4972.6803707,3348.68344765,8.69193853,1
4954.62392588,3345.79361484,26.68508652,1
4949.85341748,3337.46416912,19.30262829,1
4941.84526049,3331.80415478,14.47761647,1
4937.12834731,3328.78057948,7.10383886,1
4967.76703902,3361.43014777,-3.21561432,1
4961.42946099,3355.78573337,15.66949605,1
4948.24913181,3343.21743006,19.35949736,1
4936.67517218,3342.09577428,15.98744563,1
4929.97344801,3332.96262566,8.65378761,1
4935.00581776,3335.9369121,-10.66300609,1
4963.72872154,3356.61702128,-10.11215318,1
4954.64131212,3364.8740525,-26.01317297,1
4953.65631495,3363.59274814,5.05949102,1
4947.91585837,3356.44548584,18.0415303,1
4940.80880605,3352.0380108,20.15467862,1
4936.12943796,3340.22323863,17.61767989,1
4933.25012138,3352.24893658,-22.84555993,1
4942.57593166,3357.83805053,-16.8352692,1
4943.02237651,3364.70117709,-9.4851072,1
4959.09133468,3376.29521936,-0.91217347,1
4934.05702889,3349.95962328,20.86152691,1
4928.12813793,3348.69726633,14.41415982,1
4920.46470131,3349.65333537,-10.33847846,1
4921.54190685,3357.76805008,-19.00372702,1
4939.00414976,3366.97897367,-14.91710016,1
4946.29727121,3377.82436924,-19.74531274,1
4946.77291924,3379.56814572,-6.48355472,1
4943.09481116,3380.35878513,16.24783497,1
4940.01826755,3370.82064531,19.45703919,1
4930.99522677,3366.36135334,29.46094966,1
4920.2862227,3350.25911469,14.34848739,1
4941.9489038,3380.15529449,-19.71632717,1
4927.5179187,3373.60609529,21.61855311,1
4920.81316852,3359.10803584,11.69545843,1
4913.64277696,3358.03737236,4.8858845,1
4908.81027311,3363.65344686,0.41304012,1
4933.14187288,3386.55288452,14.41787646,1
4926.65997045,3380.64986697,23.99212997,1
4926.3408624,3393.13252038,19.03040655,1
4905.42711479,3374.68363949,13.88266776,1
4898.37184729,3363.35230326,-2.95422021,1
4902.13121599,3372.90662838,-11.16009045,1
4910.38394156,3371.13862181,-22.79718103,1
4918.45555968,3379.20923615,-24.5017118,1
4923.98988055,3385.33258922,-17.67759513,1
4927.22604177,3396.75367329,-14.26034728,1
4906.86443278,3380.62095179,24.81382178,1
4901.91871057,3377.07264759,16.66035439,1
4898.81818977,3373.09208952,6.04733063,1
4895.66729959,3370.25598144,-2.16189192,1
4900.41619622,3375.56282314,-12.44031059,1
4904.34979026,3382.16782536,-17.29615976,1
4914.55008046,3386.40302812,-22.46434986,1
4911.15939696,3392.93458771,21.62200478,1
4902.65904041,3388.88578988,27.37220139,1
4893.9752585,3377.88757233,24.53046439,1
4889.61929893,3379.00678309,0.73119886,1
4893.03425068,3383.33778404,-10.1259046,1
4883.75204731,3382.6334536,-8.40872043,1
4914.32374333,3411.80681572,-9.7654366,1
4919.37868009,3409.98542727,1.07346257,1
4908.4110492,3402.48946176,16.95817369,1
4885.75463095,3389.16020792,16.58290384,1
4894.89586912,3409.46558838,-24.6258855,1
4901.92428593,3407.26400408,-13.36857443,1
4882.75568763,3395.06869341,14.5879377,1
4887.682825,3398.32409322,-8.88518565,1
4888.06594308,3404.79005008,-15.37877395,1
4899.17376784,3414.57865356,-13.86899223,1
4890.8292832,3415.10796233,20.06571166,1
4871.78706205,3401.8771558,7.02568423,1
4871.81791273,3397.14377886,-3.35720757,1
4876.53576472,3401.8100507,-13.67478555,1
4865.42341546,3405.12101768,-8.51017032,1
4881.30830085,3417.07238017,-25.95198978,1
4905.55742082,3434.97876339,-9.38801872,1
4902.0955774,3434.14405929,5.52057302,1
4896.64255159,3426.80244299,24.7868993,1
4882.80153401,3418.51732992,21.47206464,1
4874.26260049,3413.08251808,18.19123195,1
4872.76589637,3406.99183,8.8491454,1
4869.75264018,3408.20039734,2.06727586,1
4888.242545,3428.88349441,-23.02139837,1
4894.0430335,3439.86571848,5.60338852,1
4888.7248166,3435.89174551,11.53778397,1
4868.7253474,3418.76577016,6.68670731,1
4870.6761738,3412.47747809,-8.12835004,1
4890.45291467,3447.52581691,-10.5594693,1
4891.65006894,3447.85704162,-0.01079484,1
4870.59643292,3425.39840384,20.31018217,1
4858.18088031,3419.52653208,15.41545871,1
4884.22827961,3440.56528572,-16.88484298,1
4868.55080123,3439.51497692,-22.28058505,1
4883.13605751,3447.22037411,15.19562744,1
4876.12314589,3441.559581,23.84315108,1
4866.36674106,3433.17439123,19.83907958,1
4859.91766936,3428.98795002,14.3239577,1
4847.12897716,3434.24320359,8.32710149,1
4845.40417885,3433.57996368,-3.6811319,1
4871.22486954,3449.87927436,-13.94375645,1
4880.60419239,3449.98282216,-10.46156417,1
4886.76045393,3455.92921985,-2.18452734,1
4883.32910923,3459.00067458,7.39785309,1
4875.56466733,3452.9081175,17.02900145,1
4859.40610335,3442.91900456,20.68353339,1
4843.58641815,3441.05765107,-0.09406826,1
4859.37683131,3452.54468518,-23.04397279,1
4865.90612904,3454.30882856,-16.46284179,1
4877.80806074,3461.10394905,-15.0945791,1
4875.73972264,3463.25129937,4.93620973,1
4864.92712161,3452.3299711,20.02321486,1
4840.39651986,3441.83650134,1.02986353,1
4849.56161694,3447.81073183,-16.225209,1
4861.81034333,3461.82478513,-19.32658192,1
4867.01405981,3462.98142085,-12.13522916,1
4831.06760664,3449.60673827,4.72925324,1
4838.55685211,3457.90142135,-11.72382532,1
4857.14771632,3464.24172497,-23.69395389,1
4862.62796239,3469.24065417,-17.78164128,1
4870.53500003,3472.70156336,-9.724618,1
4864.27937245,3466.80232748,19.97529967,1
4849.89932932,3469.38839291,21.88124218,1
4843.24602943,3463.37059436,17.56420248,1
4830.16665672,3463.60682567,-5.94066161,1
4829.81438191,3463.58091523,-16.09590735,1
4856.66504493,3475.63917391,-13.60886878,1
4866.43287586,3478.87578929,11.78319646,1
4859.405778,3476.368682,19.23422813,1
4861.59025213,3476.80629381,-17.60532679,1
4865.10856275,3482.41761108,-4.64716827,1
4856.72775548,3480.85261143,24.76469982,1
4832.77663405,3476.77456289,16.89939299,1
4825.55339771,3473.67292315,13.39738621,1
4824.58392007,3474.76811323,0.18744412,1
4823.01255475,3478.270532,12.58468294,1
4848.7843052,3482.87956467,-19.94941963,1
4857.95746821,3487.97844235,-14.55981226,1
4864.00268955,3490.66906815,3.34696373,1
4835.22611429,3480.53675876,17.52226112,1
4821.80357769,3486.69234015,9.00645357,1
4822.33545463,3492.00329497,1.42379593,1
4824.25714888,3488.79431263,-11.01353246,1
4830.76218366,3491.60541494,-19.55736881,1
4839.24362955,3493.20094339,-24.10771842,1
4858.86359145,3494.97277112,-17.14618098,1
4852.31433931,3505.4722883,16.10403131,1
4843.71847733,3505.49351424,22.94424957,1
4836.70713727,3496.31490159,19.62075712,1
4813.29138112,3493.46807964,-1.85579483,1
4824.00990377,3498.50867221,-9.18400978,1
4828.42913865,3501.40236939,-23.46482189,1
4830.60181914,3509.63975843,19.90048329,1
4822.21201576,3504.89609166,17.17583563,1
4816.81824034,3508.8909659,9.06189438,1
4813.95074622,3503.19987639,-2.66867248,1
4820.08462099,3509.44795446,-13.70232733,1
4839.52111927,3510.11050899,-17.9513117,1
4848.61599269,3510.11133429,-19.7033732,1
4858.5257308,3510.7654172,-11.62895022,1
4855.83149214,3514.83302706,6.60725575,1
4854.07664245,3513.99979265,17.89798878,1
4815.16712886,3512.62952334,-11.00587057,1
4823.26640827,3515.69744284,-18.01430715,1
4835.57211069,3512.36167548,-26.98449138,1
4841.97057282,3520.95393322,-18.16860796,1
4859.41633311,3522.37094852,-5.97382198,1
4831.71131446,3518.56264637,22.11653983,1
4818.1160976,3516.01345459,11.01211294,1
4844.44549379,3526.99084181,-19.28832331,1
4855.83516818,3529.32300318,-12.47686181,1
4838.97875993,3526.45736044,22.92455121,1
4828.11530199,3522.91747987,21.38507353,1
4821.67747479,3518.79794564,16.93981184,1
4848.23503338,3536.3378576,6.96136123,1
4845.08597522,3535.79510882,15.36195007,1
4835.26323448,3531.63166289,21.06140288,1
4828.74493544,3526.99338326,19.44096326,1
4812.70779857,3522.31512171,20.51533756,1
4812.10688463,3525.87349414,7.44652449,1
4815.80218787,3521.10169156,-2.52540521,1
4832.85746151,3532.25733029,-18.26501752,1
4810.41525153,3536.60582355,3.99884588,1
4814.00062066,3532.18682233,-12.96729393,1
4847.67311249,3540.25838867,-9.38732885,1
4846.33763958,3540.8867329,8.93324393,1
4841.37871273,3543.66192764,18.95835341,1
4820.59488129,3537.25265508,24.36319242,1
4846.29120702,3549.12576611,-9.83619392,1
4846.133086,3548.80612828,8.91368657,1
4835.68217075,3544.79586401,25.79351837,1
4822.144965,3549.7017267,20.75483659,1
4811.83450664,3545.02988345,16.01522332,1
4804.04390249,3540.20740581,8.44382229,1
4805.96207949,3542.17499464,-3.86830008,1
4819.16966847,3544.52286202,-17.56838742,1
4833.73546507,3553.37357027,22.14300333,1
4813.08496735,3550.59348462,14.45200599,1
4802.62012903,3546.2162698,-3.93856684,1
4834.00330875,3557.83450506,-17.11621683,1
4850.61861787,3563.02991849,8.05322126,1
4827.70643805,3562.77528638,-19.99378219,1
4838.62492288,3565.91819494,-19.83904679,1
4849.81500863,3565.656086,-0.06845164,1
4844.80244959,3566.86106673,14.01268552,1
4804.46341928,3557.3264368,-4.38549981,1
4818.23794547,3562.91713409,-18.83943311,1
4844.4122262,3568.5873972,18.8855356,1
4806.13967966,3567.36972414,-8.09938671,1
4813.48162461,3570.64507908,-12.37306703,1
4832.1911972,3567.01520992,-24.72843916,1
4846.3984125,3572.17323886,-3.85993037,1
4846.67752713,3573.47188679,6.83317631,1
4839.20942162,3576.70032846,-17.32731476,1
4844.64377033,3582.01857003,-8.94988777,1
4806.08308736,3575.71659549,9.45448629,1
4797.35940075,3577.18871834,1.70134171,1
4801.55746126,3574.46459732,-8.52181854,1
4804.05266858,3578.9351683,-20.29684478,1
4817.22974835,3582.18078152,-22.04178468,1
4828.80092521,3579.074268,-18.09731874,1
4803.37149637,3586.86560768,-6.80977091,1
4809.23023139,3588.99576065,-13.46707364,1
4816.29986569,3589.49795942,-21.78068399,1
4825.42473006,3586.34349102,-20.59376157,1
4847.15860279,3588.01125062,-11.72922094,1
4837.1541854,3584.42970141,1.4295565,1
4845.52280604,3583.21344387,11.38080316,1
4812.49865467,3587.9984495,23.62837528,1
4797.10907061,3586.60879114,2.76542746,1
4833.13093814,3595.95818714,17.08159944,1
4804.85059674,3599.58325481,14.86496428,1
4806.84995508,3597.60280791,3.89383462,1
4799.66795076,3598.34939423,-6.89291691,1
4810.13618349,3598.8235203,-12.94274976,1
4846.65502821,3594.30052907,0.93374601,1
4839.98151116,3596.3707627,8.98489461,1
4814.82991352,3601.89076079,-20.27127082,1
4829.10496566,3600.80835662,-21.75714501,1
4843.78102199,3606.84374392,-8.60142432,1
4842.77242926,3602.17835035,2.84118116,1
4814.64657717,3597.99269589,21.50708216,1
4800.86261473,3595.53629894,2.19305819,1
4807.83132502,3601.65033223,-5.80077169,1
4808.8490265,3603.34812299,-12.10246729,1
4825.72251525,3612.91987467,22.76769504,1
4814.01915387,3605.51058733,20.29271383,1
4804.69719234,3609.22482818,15.94114089,1
4797.2412088,3604.48070967,5.71002507,1
4800.99768366,3609.83706784,-6.14694563,1
4804.83464767,3610.56601349,-16.12790379,1
4814.05325608,3606.46094612,-20.47743596,1
4823.1208952,3611.38249938,-20.17984391,1
4799.87018255,3622.18822604,5.95061995,1
4806.76887566,3621.97523203,-3.88335017,1
4813.99159309,3615.6820755,-19.75317368,1
4825.92933341,3619.99438221,-25.65090904,1
4838.28385984,3618.78595123,-18.94896813,1
4839.823865,3616.92699023,0.02879178,1
4842.49265355,3615.32121631,12.34914374,1
4832.32026045,3615.63773502,15.59129428,1
4813.05487633,3623.21888376,18.40506344,1
4802.65311714,3616.92376552,15.53556563,1
4819.26765934,3630.24351493,-17.57622443,1
4829.64537415,3622.65313473,-26.47578062,1
4833.31467272,3621.97083317,-10.33177231,1
4844.15196799,3619.8742038,6.63764529,1
4837.50061666,3626.95670928,12.29098366,1
4831.24233343,3621.70361282,19.0866578,1
4820.07597881,3627.48880645,21.18490897,1
4810.61653245,3627.01173009,17.82711385,1
4805.93439773,3630.85600484,-7.69583803,1
4823.02381589,3635.13131413,24.98121208,1
4814.82699872,3634.42536028,19.00398111,1
4805.20995153,3640.04134231,12.26563661,1
4799.07682842,3640.88991808,-12.32802596,1
4808.80634231,3638.66314308,-20.03966711,1
4819.35445804,3637.21370482,-19.79485376,1
4830.44354513,3628.47833721,-23.14629609,1
4837.69545234,3624.92770177,-18.50184113,1
4844.7176933,3626.75115068,-6.52684035,1
4819.02282777,3646.36819176,-16.73130353,1
4829.49808707,3644.10092951,-22.73425225,1
4836.77539,3639.65319357,-22.96308136,1
4843.2168708,3630.97130005,-2.01534861,1
4850.04585887,3634.08951409,5.99140008,1
4833.04378637,3639.79122135,26.34091527,1
4849.06850083,3639.84370725,15.60392032,1
4841.23257728,3643.13619261,21.07573655,1
4820.59852294,3656.92113522,26.10031365,1
4812.89308328,3662.53785177,12.1402134,1
4810.49020379,3658.81286045,-10.09180715,1
4818.52603006,3657.38904105,-16.06131659,1
4828.15711399,3652.00432623,-19.73296197,1
4841.99879598,3641.83910239,-14.66826979,1
4821.72948827,3666.91604273,-20.38084431,1
4829.34555551,3657.47707361,-25.22583033,1
4853.26768078,3649.08158858,-7.91622576,1
4859.45251026,3646.01656843,1.72573465,1
4846.22376028,3645.58878858,9.15088937,1
4846.94124704,3651.86997745,19.02829717,1
4834.41758571,3655.43556355,21.78946987,1
4815.34471891,3663.60677064,18.19395084,1
4816.21490337,3665.23853783,4.43105196,1
4834.41390296,3661.84434463,-21.6914442,1
4853.50295729,3652.40342353,-13.57673691,1
4844.96493794,3658.89645466,19.67498944,1
4838.42360839,3666.25717299,24.60705117,1
4830.79132589,3669.03051815,18.79773456,1
4832.30235672,3673.15943223,-18.50114893,1
4862.51544686,3655.72101757,-16.42392176,1
4858.63751233,3651.16769297,-4.62394281,1
4857.80240652,3652.8432081,17.62443369,1
4850.78036311,3666.21666293,20.82378157,1
4840.90943499,3671.79377779,22.73930274,1
4832.02834372,3682.40089103,-13.80594825,1
4837.82619891,3672.94856203,-18.240008,1
4848.84394227,3661.80410149,-15.76854773,1
4838.34611129,3684.97705235,-14.37918792,1
4844.82376672,3674.6071869,-16.56626759,1
4867.1632018,3666.30649065,11.60604748,1
4834.09092623,3683.72919928,15.57656532,1
4832.08208067,3684.17685423,2.23135471,1
4838.4295095,3687.2137612,-16.37379317,1
4850.53758014,3684.08776581,-23.26422858,1
4855.03868324,3677.04374008,-22.42450207,1
4867.76744993,3672.31968184,-18.08610352,1
4873.19847705,3667.12502006,-8.912926,1
4867.50054859,3669.17955582,9.45104771,1
4847.100151,3685.34279045,24.23439025,1
4839.2815442,3687.27313515,13.89139107,1
4872.20235234,3678.62344701,-6.65961634,1
4875.16028308,3674.41091854,13.78694235,1
4870.22935212,3682.899689,19.52334072,1
4843.4842264,3697.12002354,-19.44475582,1
4869.29404907,3677.93040069,-17.66587082,1
4861.35116399,3698.54763671,24.74670217,1
4850.6828469,3697.06296205,16.67986976,1
4845.46339078,3704.55199894,9.04260998,1
4840.316872,3708.01403138,-3.34942005,1
4849.49557971,3702.52988672,-9.04116214,1
4880.31659385,3685.13352782,-16.8725406,1
4876.71524309,3690.3341357,15.39785355,1
4869.51532647,3695.73984748,19.65515921,1
4882.74440989,3695.01323816,-10.31801602,1
4855.96955328,3718.35355761,18.91028059,1
4848.88407589,3717.86715312,8.58308482,1
4872.9985527,3708.59044282,-25.39621543,1
4889.70392105,3695.8039987,-12.3077425,1
4892.44582148,3699.23256228,-2.24736263,1
4882.9807767,3701.67320035,16.97328615,1
4857.55457502,3725.73824812,1.64423505,1
4874.35310795,3719.24429218,-25.0755733,1
4881.90361479,3708.76469359,-24.52483747,1
4891.32924222,3703.51285114,-6.27527478,1
4861.64770572,3726.29288199,11.01777709,1
4885.95782111,3720.8201351,21.80039433,1
4864.09541452,3729.11594109,15.38579404,1
4862.27338152,3730.97871146,-1.37731139,1
4866.14681547,3734.2458926,-12.00772307,1
4898.90263378,3710.75217201,-3.7031706,1
4898.8296343,3708.20986812,11.56328709,1
4889.36928184,3714.33320058,15.29972503,1
4860.55183012,3737.27368129,4.84991528,1
4867.02420236,3736.4411083,-15.90932009,1
4889.36960736,3727.50402462,-25.31550737,1
4896.13590015,3725.14556856,-16.95181122,1
4903.12729009,3720.94662799,0.71223642,1
4898.69708618,3719.1281005,25.31560322,1
4878.20632026,3734.07593143,18.64925373,1
4903.72952682,3722.89802402,3.96928957,1
4895.31980249,3735.48808693,22.18898904,1
4870.8678382,3741.27992575,8.19759602,1
4873.15282513,3746.71777578,-0.30728581,1
4880.04078145,3741.98034308,-14.96714679,1
4884.92286581,3734.9766583,-22.8521882,1
4892.2431096,3728.49837242,-17.71344934,1
4868.98116869,3751.27062918,-1.54297215,1
4888.05924866,3742.99019831,-20.81598369,1
4897.87193511,3740.10984898,-21.19967412,1
4910.82787617,3737.25755072,-5.04198879,1
4905.88913969,3733.63587156,16.37132776,1
4874.95724852,3754.18510768,8.34911099,1
4872.78570195,3758.26603107,-2.06290632,1
4882.82249601,3750.91092609,-15.55458886,1
4909.41164349,3745.96366914,-3.93468867,1
4913.45741784,3740.40131163,4.95749853,1
4879.30313266,3751.13541054,15.85934651,1
4871.48874497,3765.14332797,8.86037509,1
4877.56591707,3765.72545218,-2.35022352,1
4876.53973558,3759.10993676,-13.09031295,1
4885.33714578,3757.62398541,-18.30016266,1
4906.4002794,3754.49217324,15.67259038,1
4900.21713825,3756.42071886,19.28527479,1
4891.43574906,3759.60975296,13.76016873,1
4914.21670193,3763.63928772,-13.96356795,1
4915.61005616,3764.19080095,-4.01685551,1
4913.00715937,3758.31384452,21.91427775,1
4901.89263846,3766.37136843,23.96642051,1
4875.49115755,3767.51873277,7.58701824,1
4875.91793251,3771.84744812,-15.51274722,1
4884.46196207,3772.38132856,-21.39490286,1
4896.11009531,3768.72375045,-22.84708104,1
4888.7060754,3779.16036903,-9.86234964,1
4904.56349479,3770.77493107,-25.81075585,1
4914.6949814,3771.19518512,-17.9220076,1
4917.54787409,3769.83652234,-9.8254933,1
4919.57387699,3771.39908697,2.03989372,1
4922.62160901,3768.10623488,13.84804006,1
4909.15404855,3768.50313932,22.06202331,1
4898.57848169,3770.0607825,19.15497924,1
4879.81200248,3779.50672323,15.59234873,1
4878.79283119,3776.72209013,3.93125104,1
4878.15618936,3781.17036267,-7.56597509,1
4878.14710113,3785.32040504,2.39405275,1
4888.1891773,3781.53449099,-16.65840668,1
4906.50479686,3778.12400848,-25.44249303,1
4926.64480587,3775.0037967,6.89109132,1
4899.71070247,3778.46988087,21.23078908,1
4891.93210505,3787.09832513,17.15000571,1
4897.77660151,3785.89781925,24.94325141,1
4881.31019188,3790.85718777,-0.71750981,1
4889.18219626,3787.95420385,-20.64829252,1
4916.19949258,3792.75339638,-11.31340563,1
4911.6453487,3797.74001025,-15.20009095,1
4930.15531026,3798.11236917,4.17318445,1
4920.09782882,3796.19889962,13.58604832,1
4915.34518447,3798.60654097,23.04218785,1
4876.3061749,3795.2465745,2.12748846,1
4917.89050518,3807.40289931,-21.66365911,1
4927.64364093,3815.91625416,-7.54860231,1
4914.3468542,3811.88622819,15.44779175,1
4905.62778547,3810.63041134,21.26930446,1
4898.34432106,3801.03370044,23.2906513,1
4886.3562538,3802.45587067,18.86899659,1
4885.57087044,3799.79699478,7.94621114,1
4874.65337633,3801.09166458,0.18582393,1
4882.94173718,3796.65687203,-7.39579606,1
4884.89961156,3797.7446991,-18.78471704,1
4905.91772946,3806.92865376,-20.39401733,1
4915.19535164,3816.25420979,-9.29993193,1
4900.14600973,3817.16537868,27.71652499,1
4888.31240245,3807.64729869,26.75127559,1
4878.24844599,3809.41284782,15.91027068,1
4873.74327952,3805.82190467,5.78947666,1
4876.44005226,3802.56500919,-5.43795207,1
4880.69991412,3808.14135306,-17.17199322,1
4876.00731305,3821.21351504,11.23927173,1
4873.80152295,3814.19676499,2.53430662,1
4876.35130245,3816.24097536,-20.68289125,1
4901.26915375,3819.96840521,-26.34829042,1
4909.78696757,3824.39971957,4.00049895,1
4910.70128615,3826.07593322,12.23217559,1
4904.62458142,3819.5120386,19.47673853,1
4883.10074548,3817.76668911,18.70123077,1
4915.26641077,3827.61698407,-9.72084026,1
4903.55390607,3832.00697072,23.42474384,1
4873.54541338,3825.78803014,12.7192817,1
4869.796487,3821.76153394,4.20411996,1
4878.59504509,3822.98212144,-7.11342323,1
4892.15798982,3833.3447804,21.07069646,1
4874.83264915,3834.7241364,10.63682687,1
4875.27902706,3830.17409735,1.09638868,1
4876.35343273,3835.08985216,-22.6609822,1
4917.61393789,3839.7989617,-6.72923834,1
4913.76128846,3839.94217197,4.21689687,1
4906.0046195,3842.51074231,11.52053176,1
4900.50298922,3838.44184428,24.86918955,1
4904.56200506,3850.7197159,-10.75554127,1
4913.66345307,3853.17256112,11.76406361,1
4876.3298043,3838.02815999,13.35215216,1
4872.88142991,3838.04580272,-15.27386196,1
4904.00418856,3847.53156026,-20.11726628,1
4868.34524058,3851.78036258,12.78852287,1
4868.77615469,3850.02775818,1.22768088,1
4869.43461577,3844.80656254,-9.97467237,1
4883.14540454,3849.56673886,-23.33166693,1
4894.4008909,3852.11626424,-17.29338624,1
4912.89843274,3859.28438624,-8.94783165,1
4904.02000277,3851.5316475,13.41792814,1
4898.59901393,3856.2813068,21.85345647,1
4870.01351371,3860.43187353,18.45092259,1
4875.90034325,3858.70840414,-24.53286679,1
4903.34360006,3859.28922166,-2.74296549,1
4903.11432911,3860.72059021,15.68978648,1
4893.91669367,3862.23031966,22.84733002,1
4906.22195623,3874.43844086,-5.02584634,1
4909.92972937,3869.61696371,7.73749659,1
4892.99692115,3865.55073875,23.67794271,1
4863.11693976,3871.81216918,13.90942342,1
4868.28567754,3868.69669699,-7.56136669,1
4873.31457505,3875.76923996,-12.60651338,1
4879.7797952,3871.56645469,-21.16690889,1
4891.81710284,3877.91923259,-23.64816263,1
4903.75934246,3880.54800976,5.06801863,1
4900.70776582,3876.78733511,12.10194188,1
4881.42906301,3878.7530874,22.53422185,1
4900.38679876,3888.05727238,-8.09474157,1
4899.53308244,3887.45760023,1.90771309,1
4899.76749061,3887.17037068,12.72702357,1
4871.92315508,3882.28788454,18.974195,1
4859.02291225,3882.14242366,2.72565076,1
4856.60595001,3879.2520737,-10.72864072,1
4870.29443684,3885.46156219,-16.57720201,1
4879.43017749,3880.00005151,-19.7060588,1
4890.89321664,3880.76015757,-27.28189479,1
4884.28880115,3888.92152876,-20.21384502,1
4897.13831799,3890.65976971,-17.7752162,1
4902.56602474,3896.30587055,-8.17118641,1
4901.22066305,3896.18363542,13.52140511,1
4875.95205444,3888.88149698,18.52051261,1
4867.29896456,3893.36342627,13.18311454,1
4861.42987752,3888.57272802,5.75804495,1
4876.56452385,3887.31301304,-18.25812745,1
4907.51111744,3900.47491431,-2.5218061,1
4900.94429626,3899.39929624,8.21445148,1
4882.57624505,3902.21411852,15.6891678,1
4862.91925326,3898.94905203,5.95802158,1
4859.49886346,3893.71986764,-3.48592505,1
4858.37263052,3900.07086116,-17.18279678,1
4871.34174257,3899.93679539,-19.21279653,1
4894.83006142,3898.77198976,-19.40189193,1
4891.63843588,3911.63888698,-9.46686669,1
4900.99848902,3913.71680906,5.39073394,1
4876.7906776,3906.95099689,26.48228945,1
4858.54951238,3906.46801621,11.68709473,1
4870.64590216,3905.36051721,-17.23640879,1
4853.50992432,3915.75000466,-0.99657601,1
4896.535584,3914.48684009,-13.31112748,1
4897.72113719,3916.63411892,5.41838987,1
4900.30969171,3911.02779237,18.52391998,1
4905.57129872,3920.74804369,-3.97299976,1
4899.89872673,3924.52349223,8.0790683,1
4895.93111811,3920.23087231,18.82489873,1
4887.00930004,3925.33287515,18.99137115,1
4877.89020067,3924.10093043,23.77911255,1
4861.97017254,3927.86538682,-3.55468485,1
4861.48077491,3925.30636538,-13.15928206,1
4889.5303007,3924.83632609,-19.40146822,1
4871.96317895,3935.04330974,-21.85732186,1
4882.1458437,3931.9713553,-25.60320454,1
4890.82515707,3929.79972217,-16.83352187,1
4898.12431245,3933.02059928,-9.06738082,1
4903.86327366,3928.01355637,-1.19162906,1
4876.26853158,3934.9825372,17.24266984,1
4862.70609121,3934.13083871,18.95313297,1
4861.58097508,3931.65809599,6.41982191,1
4866.61056983,3942.89421307,1.82655195,1
4863.31515638,3942.7360707,-19.01128775,1
4897.58110212,3938.06380096,-20.31456263,1
4907.1432225,3936.13501991,2.29684814,1
4866.6181956,3944.60058515,-11.90534536,1
4868.97442736,3947.01627627,-21.94331764,1
4882.45013395,3944.93706187,-20.57689395,1
4900.52879999,3949.94065642,-11.63845016,1
4908.92763365,3950.25014997,-3.88940268,1
4907.66008771,3947.00531567,7.99835339,1
4896.64121614,3943.68404507,18.68278029,1
4886.90197847,3943.88175352,20.37921229,1
4870.35111485,3943.17209271,14.9071835,1
4863.56319707,3954.48635452,-14.28145177,1
4870.76109308,3951.1362555,-21.41887326,1
4891.21518868,3955.55262002,-19.18119628,1
4905.9878174,3954.31099567,-14.17293736,1
4904.20992688,3956.48040847,-1.79022408,1
4902.98354301,3952.70505374,7.573582,1
4898.06776514,3957.29623419,19.59456157,1
4878.95723251,3956.97383804,16.14644782,1
4868.77047112,3952.07855443,13.44205461,1
4863.11835259,3963.63377667,-8.75063711,1
4870.88448344,3961.72463791,-13.64232944,1
4901.90393364,3958.60851132,-18.06722462,1
4904.51069834,3961.30107664,2.82778745,1
4890.19117887,3963.97337681,18.67527378,1
4872.7770955,3965.97614746,20.42096894,1
4863.91308597,3964.13946648,12.90722727,1
4884.46492006,3972.39425529,18.42537445,1
4875.66313765,3974.97714784,-25.75507344,1
4887.42989765,3972.04615431,-25.74987436,1
4859.51202455,3979.55605192,-10.11484113,1
4872.35336559,3976.42269588,-17.7185597,1
4889.61410932,3979.7000561,-21.84275234,1
4901.45222932,3980.01710865,3.1775587,1
4891.59617895,3979.88652906,19.3168214,1
4880.82938748,3981.11201532,25.62544813,1
4897.2020294,3992.48978836,-6.55435018,1
4906.08231572,3990.71165581,12.10369853,1
4891.52131506,3988.18030388,18.54407714,1
4862.25454161,3985.99542812,3.71409766,1
4862.01702821,3984.50236563,-21.15445321,1
4871.63687273,3982.33842167,-26.58470774,1
4893.2899476,3991.95963383,-15.67392961,1
4893.62159664,3995.30153754,14.05684743,1
4885.76081655,3998.65344353,20.66226559,1
4862.51374962,3989.29285866,8.13542707,1
4856.14948224,3996.0874717,-2.34906652,1
4900.19164952,3998.25329938,-3.05634575,1
4902.17565701,3998.82981759,6.35263975,1
4864.2084203,3997.64653998,-15.85888178,1
4883.57163227,4000.09616662,-19.55881197,1
4891.50799214,4000.87138535,-17.17018717,1
4902.39528599,4004.28956738,1.67644935,1
4865.68094549,4005.26611445,14.19875945,1
4863.19892153,4003.62136989,4.24826757,1
4898.49330007,4013.22418206,16.66923599,1
4880.38103304,4009.05092173,23.044594,1
4869.27375941,4004.93626716,18.3472419,1
4860.1532109,4007.46653154,10.7518641,1
4855.86968129,4005.81142522,2.83206917,1
4859.70567611,4004.17890849,-7.54240797,1
4873.06311114,4012.70698423,-26.2930938,1
4883.63304294,4012.21332104,-21.2411654,1
4894.71847761,4016.62301967,-6.1644387,1
4858.47285214,4010.42479769,11.90942338,1
4866.75544842,4016.57446043,-15.08560809,1
4872.12797952,4021.41467753,-18.45432,1
4893.77851573,4026.27554029,-17.08095136,1
4899.35441262,4024.74314208,-6.52344518,1
4894.47093592,4025.51291061,3.48457117,1
4893.7546966,4020.06925813,12.70519476,1
4884.00712673,4019.1167535,16.15762799,1
4857.12108388,4023.00209407,-16.7550362,1
4867.83180885,4025.21983305,-20.83041957,1
4891.78448681,4027.15093302,-16.72528655,1
4900.54454158,4033.97265856,3.32991347,1
4882.02112435,4028.13044749,16.32431641,1
4876.47761145,4027.58160799,22.75696592,1
4849.50827075,4018.67480465,-8.11127915,1
4870.90438183,4035.15012432,-22.14840054,1
4889.10196433,4039.3838761,-13.05482194,1
4900.68260706,4038.91603972,11.20372604,1
4886.21597872,4040.30606856,18.05280893,1
4877.86192211,4035.10877038,17.07276228,1
4857.96212698,4031.47318071,19.03680817,1
4851.47233891,4028.20153336,9.60776421,1
4850.44857864,4028.68254558,-3.90960816,1
4860.93182018,4034.3088982,-21.62148157,1
4882.20039152,4044.73554922,14.73391213,1
4873.82631839,4041.32858148,19.53026405,1
4861.37148086,4034.05523477,26.76852016,1
4853.89783577,4037.47754949,4.22960441,1
4871.4585392,4044.21744188,-20.84775103,1
4888.38981678,4059.31720553,12.06746687,1
4870.1452164,4047.03241647,19.99837603,1
4856.299301,4048.54776419,21.29312363,1
4852.41400559,4042.21277023,-17.68528171,1
4856.30739263,4047.60325232,-25.93246326,1
4881.79333814,4054.70006074,-17.77993049,1
4845.15007706,4044.94115097,-10.70036702,1
4847.27917111,4050.59766993,-18.66547615,1
4870.71284007,4062.05456331,-28.43936832,1
4876.07733608,4058.50021419,-13.81198008,1
4851.90543534,4053.44238271,21.43416091,1
4846.5668803,4046.6447495,15.36374773,1
4844.87365141,4052.22931991,7.21963648,1
4845.48090967,4056.66363438,-10.70909884,1
4870.18168988,4064.83296017,-19.71780339,1
4881.34333409,4072.68208848,-17.35625253,1
4879.7247246,4073.89345872,6.84690637,1
4874.94603717,4074.37255238,18.24477464,1
4859.62082098,4060.13016336,23.84689402,1
4846.86707367,4054.83066556,20.76091857,1
4838.31237742,4060.29648642,10.41490898,1
4843.78001226,4061.09399719,-2.62396698,1
4838.16081185,4061.21756117,-11.62747499,1
4857.58192368,4071.39460765,-26.52675284,1
4873.74672824,4077.571465,-12.39321781,1
4870.99047268,4083.37122222,5.67886752,1
4869.59482951,4081.64532638,18.34452981,1
4847.68390704,4078.02023275,-26.29997914,1
4858.54785927,4078.53843796,-20.94914869,1
4873.76739614,4092.67863297,4.7160551,1
4858.89468825,4084.62881804,16.70865696,1
4854.25951439,4074.28851491,20.48214232,1
4843.41959532,4067.91813552,19.51594798,1
4851.23101457,4084.55887354,16.21131276,1
4840.90160203,4083.44494011,21.64248546,1
4824.93501667,4072.8757819,8.35257744,1
4825.25735698,4070.67773511,-3.3054642,1
4867.627216,4095.82047267,-13.572236,1
4863.4854608,4095.35859619,-2.82743273,1
4865.04515611,4094.49460659,7.68265968,1
4860.24749144,4093.40605623,19.42079406,1
4839.40801846,4091.15703718,-16.92345842,1
4851.42084888,4094.08938339,-24.14682805,1
4867.43317544,4102.54060183,4.65429419,1
4853.68748085,4096.21642985,17.64961949,1
4844.49226441,4090.28787071,19.03779874,1
4827.18024616,4078.3804706,4.02391554,1
4830.31193903,4079.87700775,-8.79991954,1
4855.56639298,4111.37966302,-4.14422739,1
4855.83654471,4114.57449311,9.83762143,1
4853.52896635,4105.7215424,16.90641015,1
4833.66330834,4097.39434432,23.27294624,1
4829.36277812,4087.15085225,18.1611825,1
4823.90428328,4079.87920668,10.18067641,1
4850.00629243,4113.83891562,20.13289349,1
4828.69091744,4100.41232435,24.71312281,1
4826.47489597,4099.29696521,-17.34444077,1
4812.93243705,4099.70659686,-9.20937216,1
4815.54184797,4103.95989628,-21.1916824,1
4828.86941674,4104.86941727,-19.40880395,1
4838.42669366,4113.66173651,-25.95699061,1
4845.9303674,4118.87643845,-13.99296547,1
4845.65384896,4122.56747703,5.31520658,1
4835.3278498,4114.24262679,23.45518772,1
4818.61759215,4106.80521427,16.64022841,1
4810.68133748,4105.3202606,16.47444922,1
4800.21963214,4101.8995952,-4.46893435,1
4833.37337171,4124.65090701,-17.66652924,1
4841.38513103,4126.05584291,-9.69389314,1
4844.6158362,4130.72563561,-0.38020854,1
4836.3031506,4121.96739861,18.99110659,1
4826.05989421,4118.18755165,18.78461455,1
4806.28843611,4112.35465933,8.83133756,1
4809.02387579,4116.68470839,-17.39403349,1
4828.46231221,4125.86808515,-23.78834403,1
4836.12359113,4134.66202312,5.63358938,1
4818.38028103,4124.40822463,19.26442021,1
4813.22444187,4116.15410921,17.09083274,1
4809.53605425,4130.19121167,24.75650324,1
4802.70453652,4124.23302506,23.23944497,1
4800.77144493,4120.49147901,8.90296869,1
4801.5860196,4121.03664274,-12.80359531,1
4805.96980929,4121.05087584,-22.1213562,1
4825.74225935,4138.73915185,-23.22311283,1
4833.25658037,4136.53224528,-13.29972166,1
4835.5440832,4138.10368818,7.73316847,1
4798.66258402,4127.16492997,1.20942476,1
4799.43774939,4123.90649558,-7.52013287,1
4810.06901697,4136.44816313,-19.9078698,1
4832.02817422,4151.99862235,5.80747859,1
4826.42515095,4149.56138764,15.89811119,1
4817.78462626,4143.93408114,20.48145789,1
4826.06974688,4151.08067614,4.98480823,1
4806.28824546,4140.93714198,24.6757006,1
4791.87782997,4129.67745467,-2.5448284,1
4794.31663134,4131.23260885,-10.01821662,1
4799.00624369,4134.06946802,-18.74060371,1
4808.74297044,4140.76625227,-25.38943233,1
4830.23360515,4154.26707964,-4.23826526,1
4821.51910245,4160.76913866,-2.86365064,1
4783.47883797,4137.74947924,8.89283316,1
4785.04183488,4140.41798385,-0.70895084,1
4792.63023049,4143.34426132,-21.7527637,1
4805.806139,4147.69998308,-21.6326515,1
4777.94563592,4148.65658826,-0.03162923,1
4787.39822668,4153.14226732,-6.9813198,1
4802.35146195,4155.00885361,-22.02603491,1
4808.55931028,4161.64177165,-26.25064073,1
4819.99677777,4168.7795033,-5.83745966,1
4821.38387964,4167.01250295,6.76644778,1
4817.56762877,4161.33802106,13.50875922,1
4799.62564402,4157.57046454,26.44674501,1
4807.34903068,4175.20377617,9.29249443,1
4789.91129335,4158.04924252,21.04244232,1
4778.63308809,4149.86156141,-7.54663564,1
4787.90678988,4154.1172276,-16.06163058,1
4791.98025154,4160.94017104,-20.29467315,1
4808.03868813,4175.364926,-16.57756418,1
4809.62137055,4179.90526106,-8.61721125,1
4807.64085315,4185.29322764,1.76905004,1
4806.84983679,4179.85764497,10.70520619,1
4785.20821365,4167.01350706,17.86889354,1
4776.71719167,4155.94475385,14.8838943,1
4774.69736419,4154.73832363,4.51123977,1
4771.09245819,4155.99025102,-9.40108783,1
4780.32639111,4156.54444862,-16.70098732,1
4793.73733476,4174.00126155,-20.8548901,1
4806.40591863,4186.88632781,-10.44655822,1
4802.86776363,4187.57469928,4.34360788,1
4799.12397636,4186.90858978,15.41637927,1
4773.19624499,4165.12383488,12.17601459,1
4799.68771712,4182.98722907,-15.49369584,1
4770.15354358,4169.6575893,14.34489408,1
4766.74576098,4167.91439155,1.83232638,1
4801.30237671,4198.78343103,2.61713194,1
4801.18946395,4196.66349111,12.61695184,1
4791.01633327,4196.78106715,-6.38945341,1
4791.50957246,4197.96414315,13.97633706,1
4786.76347309,4196.64491054,21.0013067,1
4774.9552092,4192.12230748,22.4789133,1
4765.66656782,4184.3522372,18.11872794,1
4755.71832619,4175.13692581,4.82164015,1
4755.50228866,4174.93053989,-8.74534231,1
4772.35729785,4188.73107085,-23.6207647,1
4754.01164168,4184.42535246,-2.22273901,1
4762.38987518,4190.36405517,-25.319041,1
4772.56144849,4192.96368524,-25.29626817,1
4777.66186053,4203.14238256,-19.41210539,1
4778.37569024,4198.84741739,26.19682254,1
4781.49374736,4218.64913176,-3.03778142,1
4770.41070275,4199.99638597,20.28585769,1
4756.02780207,4190.27428553,17.5521518,1
4753.48497228,4202.21012828,19.32275764,1
4752.40124026,4195.19895904,12.1468018,1
4764.94797823,4206.439262,-19.12452149,1
4768.01144467,4216.06846195,-13.31687069,1
4775.97929168,4221.59237649,-10.25094397,1
4779.09962178,4220.13220701,1.87015096,1
4760.73990996,4209.63014078,23.01495873,1
4740.26586052,4198.80718653,-7.3351636,1
4755.13720707,4207.62540656,-24.43665431,1
4760.88701138,4216.62618893,-20.15882838,1
4767.73360931,4218.90637422,-16.63784145,1
4768.79823939,4223.31825757,1.83773218,1
4750.20154997,4203.38861362,21.36325713,1
4739.74530952,4203.34703587,13.45036507,1
4736.81430221,4202.36784738,-1.10142253,1
4737.34291387,4211.62735493,-11.07570901,1
4746.69704821,4211.06134851,-18.92818874,1
4760.58799064,4229.09435219,-22.85818486,1
4763.16776106,4230.12259609,5.20636292,1
4763.25529189,4225.92145886,14.5797133,1
4754.02197905,4224.99788482,22.61746094,1
4740.82552295,4205.11028076,18.69562246,1
4767.85009092,4238.75564763,5.05875854,1
4726.84352123,4211.22239347,10.78241903,1
4730.21650072,4212.71952047,1.62845973,1
4728.08256865,4210.38656329,-10.11400908,1
4757.24206677,4236.92306644,-5.39766887,1
4739.40932449,4228.13193346,26.81701742,1
4721.82636081,4222.79688034,8.85838797,1
4722.35796547,4215.87395216,-1.40182667,1
4726.46547637,4221.26075301,-11.17108638,1
4731.37495341,4224.87419211,-18.42049388,1
4754.39372482,4246.88768798,-16.74413928,1
4762.17214532,4246.63538215,7.61447456,1
4751.49308157,4242.73744533,15.85467001,1
4744.5016788,4237.87542611,18.16545264,1
4739.02297272,4247.12472588,19.21147438,1
4718.11863675,4220.22114424,-6.83935952,1
4742.34437767,4242.31401796,-32.06172636,1
4736.27693743,4254.13343746,13.71751455,1
4731.80826724,4248.69982872,21.67931018,1
4724.23711166,4241.63901208,20.4965103,1
4721.9969903,4231.47944383,15.47159858,1
4718.82066796,4224.01905985,7.72760302,1
4713.87150428,4221.00222419,-0.9159549,1
4718.53594745,4228.6479183,-12.47858583,1
4723.3508842,4234.91549721,-19.95516122,1
4724.44529603,4242.42759211,-26.1838787,1
4736.17928025,4247.45657391,-17.58039203,1
4742.23997112,4255.71667232,-12.3888342,1
4742.27577984,4255.38951976,-4.17822452,1
4712.26896244,4232.64876745,-10.40105775,1
4725.78154573,4247.07301895,-24.80779242,1
4729.36129387,4255.59673358,-18.85066417,1
4729.51753447,4266.46614212,-2.4112886,1
4726.24890494,4248.39693559,22.0658606,1
4713.17841686,4252.14120369,20.61231005,1
4702.80321813,4230.26349078,4.62118304,1
4715.01137463,4242.49299549,-19.40847596,1
4714.90568599,4253.87044641,-27.3349871,1
4710.61414951,4264.86547448,-20.62706746,1
4717.90942362,4267.12908776,-8.66502059,1
4715.46587105,4275.41608035,0.40255633,1
4717.61575491,4272.00883662,11.37375333,1
4714.99706432,4264.85656522,17.8161031,1
4704.2833442,4237.59398984,15.24136327,1
4699.50890723,4233.99078122,-3.17957553,1
4705.38755724,4244.27896024,-18.45180059,1
4704.92917059,4256.88589839,-20.71303394,1
4703.92459626,4261.92443256,-27.0657761,1
4705.56583506,4272.37065553,-6.94658291,1
4708.63330999,4278.18077927,2.46554909,1
4705.56498078,4273.72066117,10.57118872,1
4703.67020102,4264.65636419,17.89584107,1
4699.36716968,4248.17522008,16.68573301,1
4688.0553875,4239.84174303,13.01603032,1
4698.32277138,4280.82437948,-8.39595061,1
4696.59681491,4282.70252967,4.14932559,1
4695.98529559,4270.19882339,26.10948692,1
4692.54412389,4260.72515997,22.72362896,1
4687.4584653,4245.50772256,9.73775398,1
4689.10138643,4240.99213569,-6.28185658,1
4690.91141293,4264.68115883,-22.76676591,1
4682.17536121,4247.96773903,9.13043286,1
4687.06727091,4256.63261157,-17.56411093,1
4688.17030272,4276.40303841,-15.98855052,1
4691.21498149,4281.8240829,-5.48090959,1
4677.36806856,4277.30419274,16.76129827,1
4679.44768482,4268.6894782,22.68257711,1
4674.00879411,4260.31876904,12.78274653,1
4669.56487727,4249.7936424,13.89382425,1
4671.66050765,4244.28620304,5.7077975,1
4671.14758025,4245.9214564,-3.57186625,1
4678.33960409,4265.50160987,-20.62162886,1
4686.08559647,4282.14417958,-8.50577189,1
4668.49497896,4276.65253368,18.01154018,1
4666.75677692,4267.36793355,25.37477124,1
4665.13749661,4251.81131043,-18.02434843,1
4668.58328807,4259.13201336,-20.06233135,1
4669.0807618,4273.38168986,-26.58784546,1
4676.55445582,4281.85418404,-20.00006913,1
4677.95016157,4282.46243644,-6.29555258,1
4656.29438068,4253.63434858,-8.47975686,1
4660.22317659,4266.51244373,-24.17441805,1
4664.71780511,4283.42201917,-14.53497629,1
4651.92476117,4248.18641092,11.25173967,1
4647.56836532,4253.36531082,9.71512389,1
4647.08802867,4251.78816849,-0.34183952,1
4650.66945676,4257.15573791,-16.48450212,1
4653.96094048,4267.68055068,-22.03858271,1
4658.26413037,4289.39725605,15.20043832,1
4655.27667344,4267.94649157,21.85514001,1
4650.41887538,4294.20375276,-12.24339627,1
4649.24773756,4278.05727321,20.87772642,1
4638.18488387,4256.52508085,4.30710938,1
4641.4272693,4254.53154596,-15.27972582,1
4641.02117794,4266.98757691,-23.06381412,1
4644.04710351,4277.22221302,-22.44837072,1
4645.6362421,4291.01157896,-13.53482396,1
4647.44458039,4294.89584592,19.73729991,1
4642.28990097,4282.01567111,19.56986058,1
4632.05324554,4258.9258207,10.61687083,1
4629.25842166,4262.56591719,-16.71104322,1
4638.66743988,4291.21098792,-16.92646055,1
4634.08701299,4302.69095462,-10.9344087,1
4628.176516,4281.22506896,24.18824254,1
4624.43686359,4255.03469607,2.87454765,1
4623.03434812,4255.64430412,-7.09619398,1
4623.42057868,4276.38324463,21.48202235,1
4621.24112535,4267.44717527,18.01771706,1
4615.922409,4264.07104144,11.88727045,1
4618.99901743,4259.15664275,-12.51892544,1
4623.28103365,4308.51607499,2.34262535,1
4618.44895844,4299.20866569,10.91693156,1
4617.42472399,4293.17183523,18.1552928,1
4616.45885942,4281.9916418,25.36538781,1
4611.54330014,4268.95046149,10.71806136,1
4614.67084218,4277.27874828,-21.80501151,1
4617.70055621,4285.32041579,-20.85270667,1
4620.18501227,4294.86242411,-15.22690074,1
4602.9880253,4266.70682255,-3.207961,1
4602.24647419,4265.40727454,-12.74466113,1
4606.83528094,4273.71744052,-20.02380775,1
4613.30816143,4303.21235618,-14.65842568,1
4614.6430742,4307.96483104,-3.14403143,1
4613.79835926,4303.76862761,7.48776922,1
4603.08133228,4271.01463669,20.81672253,1
4597.47486788,4275.50167702,-21.61259076,1
4612.19439405,4302.05515758,-15.03944644,1
4602.36670695,4294.72804792,15.67525926,1
4600.11758122,4283.60841298,19.45225581,1
4586.03412225,4271.28817931,10.10769392,1
4584.47718751,4283.44580655,17.67573997,1
4585.59608485,4277.51124835,9.90284155,1
4596.75085958,4290.89619272,-23.4479238,1
4601.5596207,4299.29616793,-19.24648445,1
4604.53370875,4305.84508538,-2.93507242,1
4600.17760696,4299.18744336,22.08473765,1
4599.06071678,4310.31858742,-13.5747107,1
4579.77516023,4280.55149591,24.690468,1
4579.24050893,4277.1715442,10.34461833,1
4574.23960922,4282.10973873,0.38637743,1
4579.27904571,4277.93878626,-13.97132694,1
4596.25543443,4324.20581727,9.55939703,1
4572.90772165,4281.64180346,-2.94225446,1
4577.93436977,4307.85244723,-21.61893345,1
4584.05102725,4318.3293999,-17.60290861,1
4583.67134533,4320.08284882,-8.02471987,1
4588.32534859,4323.47286651,1.21345511,1
4578.78062361,4315.9660781,7.80608153,1
4562.20006755,4293.95378372,12.54137653,1
4560.54550944,4286.27353805,4.82483102,1
4565.59372963,4286.04662877,-6.11478465,1
4565.41784236,4293.55388513,-14.33356486,1
4560.90423426,4306.25416191,-18.94283966,1
4573.73060521,4324.73866449,-22.56897912,1
4578.1189358,4330.40639865,0.11882662,1
4576.10445973,4324.01985901,9.59323864,1
4574.7002985,4321.68427031,20.96796932,1
4555.45359033,4294.23495907,15.16541909,1
4560.01433859,4299.15128801,-14.93334174,1
4571.07547288,4331.80360031,12.95014089,1
4564.40885569,4325.86204839,21.54626423,1
4561.43691132,4317.69071765,24.59077222,1
4551.93385423,4299.58631941,13.91669193,1
4553.85904672,4295.30153443,2.91754348,1
4552.69528518,4294.63293599,-5.12308964,1
4550.76912544,4301.35903974,-15.47896708,1
4566.61581565,4328.79303508,-23.40553609,1
4570.49552715,4330.47064157,-8.21123147,1
4569.47986603,4336.73332886,0.16008839,1
4559.53756512,4325.47451198,-23.77788676,1
4565.79797603,4334.6659469,-3.02237912,1
4559.80060015,4338.80991908,6.40566148,1
4547.08259545,4306.5276373,17.80826822,1
4543.29713315,4301.94542932,10.17951878,1
4546.67208764,4299.07462359,-0.1743006,1
4551.58293836,4304.50453262,-22.15177204,1
4550.38543456,4317.92028413,-23.88965162,1
4536.92801729,4308.26383045,12.23623672,1
4531.32686135,4306.99961128,3.01634299,1
4566.27984792,4340.88801036,-11.40594673,1
4560.17941208,4335.21206564,2.31020383,1
4553.16767385,4331.02422185,14.61002741,1
4542.75527733,4317.14363179,21.06543809,1
4526.72926642,4312.40056026,4.74465025,1
4529.910801,4316.23257279,-20.41882836,1
4539.27163381,4320.6041583,-21.89812513,1
4556.06483046,4337.4183178,-18.25294614,1
4554.77085862,4336.51195525,-7.7573745,1
4562.57942072,4345.83526937,2.08295868,1
4545.94117954,4326.90459411,23.96635065,1
